window,H,n_expiries
full 0.01–2.5y,0.10686709157874952,50
front T≤0.16,0.16516596735090072,28
belly 0.03–1.04,0.09660101358121015,43
back T≥0.5,0.021902174184570078,13
